tamano,topologia,modo_costo,posicion,version,algoritmo,n,expandidos_mediana,expandidos_iqr,generados_mediana,generados_iqr,repetidos_descartados_mediana,repetidos_descartados_iqr,frontera_maxima_mediana,frontera_maxima_iqr,tiempo_busqueda_ms_mediana,tiempo_busqueda_ms_iqr,costo_mediana,costo_iqr,profundidad_mediana,profundidad_iqr
15,arbol,unitario,esquinas,Desde cero,DFS,30,115.0,53.5,236.0,105.0,114.0,53.5,9.0,2.75,0.6266500568017364,0.3612249856814742,64.0,15.5,64.0,15.5
15,arbol,unitario,esquinas,Desde cero,BFS,30,182.0,38.0,365.5,76.75,181.0,38.0,6.0,2.75,0.8333999430760741,0.23647519992664456,64.0,15.5,64.0,15.5
15,arbol,unitario,esquinas,Desde cero,UCS,30,182.0,38.0,365.5,76.75,181.0,38.0,6.0,2.75,1.1215000413358212,0.38337503792718053,64.0,15.5,64.0,15.5
15,arbol,unitario,esquinas,Desde cero,DLS,30,115.0,53.5,236.0,105.0,63.5,61.5,55.5,10.0,0.7496000034734607,0.4108998691663146,64.0,15.5,64.0,15.5
15,arbol,unitario,esquinas,Desde cero,IDDFS,30,5493.0,2841.5,11052.0,5687.0,5186.0,2791.0,54.0,9.75,41.246650042012334,28.350625070743263,64.0,15.5,64.0,15.5
15,arbol,unitario,esquinas,Desde cero,BIDIRECCIONAL,30,165.0,63.25,329.5,125.0,162.0,63.25,8.0,2.0,0.7463000947609544,0.3342501004226506,64.0,15.5,64.0,15.5
15,arbol,unitario,esquinas,Desde cero,Lee,30,179.5,37.0,360.5,74.5,178.5,37.0,6.0,2.75,0.3223000094294548,0.09109993698075414,64.0,15.5,64.0,15.5
15,arbol,unitario,interior,Desde cero,DFS,30,116.5,56.5,237.5,110.25,115.5,56.5,8.0,2.75,0.6012000376358628,0.2879248932003975,56.5,27.75,56.5,27.75
15,arbol,unitario,interior,Desde cero,BFS,30,163.0,62.25,326.5,119.0,162.0,62.25,6.0,2.0,0.7088999263942242,0.2537750406190753,56.5,27.75,56.5,27.75
15,arbol,unitario,interior,Desde cero,UCS,30,163.0,62.25,326.5,119.0,162.0,62.25,6.0,2.0,1.0326000628992915,0.38605002919211984,56.5,27.75,56.5,27.75
15,arbol,unitario,interior,Desde cero,DLS,30,116.5,56.5,237.5,110.25,86.0,50.25,47.5,10.75,0.7157000945881009,0.3927500802092254,56.5,27.75,56.5,27.75
15,arbol,unitario,interior,Desde cero,IDDFS,30,4763.5,4160.75,9594.5,8292.75,4477.5,4094.0,41.5,12.75,34.646800020709634,29.915675055235624,56.5,27.75,56.5,27.75
15,arbol,unitario,interior,Desde cero,BIDIRECCIONAL,30,154.5,82.0,312.0,162.25,152.0,82.75,9.0,2.5,0.6627500988543034,0.3227999550290406,56.5,27.75,56.5,27.75
15,arbol,unitario,interior,Desde cero,Lee,30,162.5,61.75,324.5,122.5,161.5,61.75,6.0,1.75,0.26335008442401886,0.1218749675899744,56.5,27.75,56.5,27.75
15,arbol,unitario,cercanas,Desde cero,DFS,30,8.0,28.75,16.0,56.75,7.0,28.75,2.0,2.0,0.05975004751235247,0.12429995695129037,4.5,2.5,4.5,2.5
15,arbol,unitario,cercanas,Desde cero,BFS,30,8.5,4.75,18.0,9.0,7.5,4.75,3.0,1.0,0.05040003452450037,0.01807481748983264,4.5,2.5,4.5,2.5
15,arbol,unitario,cercanas,Desde cero,UCS,30,8.5,4.75,18.0,9.0,7.5,4.75,3.0,1.0,0.07135013584047556,0.02707506064325571,4.5,2.5,4.5,2.5
15,arbol,unitario,cercanas,Desde cero,DLS,30,8.0,28.75,16.0,56.75,3.5,30.0,6.0,11.75,0.0475000124424696,0.1612001797184348,4.5,2.5,4.5,2.5
15,arbol,unitario,cercanas,Desde cero,IDDFS,30,15.5,18.75,31.0,33.25,4.0,10.0,5.0,2.0,0.1709499629214406,0.13292505173012614,4.5,2.5,4.5,2.5
15,arbol,unitario,cercanas,Desde cero,BIDIRECCIONAL,30,7.0,4.75,13.5,9.0,4.0,4.0,5.0,1.0,0.05339994095265865,0.02204999327659607,4.5,2.5,4.5,2.5
15,arbol,unitario,cercanas,Desde cero,Lee,30,8.0,4.75,15.5,8.75,7.0,4.75,3.0,1.0,0.018799910321831703,0.007300172001123428,4.5,2.5,4.5,2.5
15,arbol,ponderado,esquinas,Desde cero,DFS,30,115.0,53.5,236.0,105.0,114.0,53.5,9.0,2.75,0.638950034044683,0.35592500353232026,316.0,87.5,64.0,15.5
15,arbol,ponderado,esquinas,Desde cero,BFS,30,182.0,38.0,365.5,76.75,181.0,38.0,6.0,2.75,0.9877498960122466,0.44255011016502976,316.0,87.5,64.0,15.5
15,arbol,ponderado,esquinas,Desde cero,UCS,30,178.5,44.25,360.5,88.5,177.5,44.25,6.5,2.0,1.3842000626027584,0.6259249639697373,316.0,87.5,64.0,15.5
15,arbol,ponderado,esquinas,Desde cero,DLS,30,115.0,53.5,236.0,105.0,63.5,61.5,55.5,10.0,0.8842500392347574,0.4512749146670103,316.0,87.5,64.0,15.5
15,arbol,ponderado,esquinas,Desde cero,IDDFS,30,5493.0,2841.5,11052.0,5687.0,5186.0,2791.0,54.0,9.75,48.67755004670471,26.154874940402806,316.0,87.5,64.0,15.5
15,arbol,ponderado,interior,Desde cero,DFS,30,116.5,56.5,237.5,110.25,115.5,56.5,8.0,2.75,0.6462499732151628,0.3389249905012548,282.0,126.0,56.5,27.75
15,arbol,ponderado,interior,Desde cero,BFS,30,163.0,62.25,326.5,119.0,162.0,62.25,6.0,2.0,0.8496999507769942,0.3515001153573394,282.0,126.0,56.5,27.75
15,arbol,ponderado,interior,Desde cero,UCS,30,163.5,56.75,326.0,110.0,162.5,56.75,7.0,2.75,1.3289999915286899,1.8777749501168728,282.0,126.0,56.5,27.75
15,arbol,ponderado,interior,Desde cero,DLS,30,116.5,56.5,237.5,110.25,86.0,50.25,47.5,10.75,0.8845500415191054,0.5856002098880708,282.0,126.0,56.5,27.75
15,arbol,ponderado,interior,Desde cero,IDDFS,30,4763.5,4160.75,9594.5,8292.75,4477.5,4094.0,41.5,12.75,41.23114992398769,35.19392490852624,282.0,126.0,56.5,27.75
15,arbol,ponderado,cercanas,Desde cero,DFS,30,8.0,28.75,16.0,56.75,7.0,28.75,2.0,2.0,0.08054997306317091,0.1425251248292625,22.0,13.0,4.5,2.5
15,arbol,ponderado,cercanas,Desde cero,BFS,30,8.5,4.75,18.0,9.0,7.5,4.75,3.0,1.0,0.06144994404166937,0.023450003936886787,22.0,13.0,4.5,2.5
15,arbol,ponderado,cercanas,Desde cero,UCS,30,8.0,7.25,15.5,13.25,7.0,7.25,3.0,1.0,0.08274998981505632,0.03870006185024977,22.0,13.0,4.5,2.5
15,arbol,ponderado,cercanas,Desde cero,DLS,30,8.0,28.75,16.0,56.75,3.5,30.0,6.0,11.75,0.06150000263005495,0.18444989109411836,22.0,13.0,4.5,2.5
15,arbol,ponderado,cercanas,Desde cero,IDDFS,30,15.5,18.75,31.0,33.25,4.0,10.0,5.0,2.0,0.17044995911419392,0.12749998131766915,22.0,13.0,4.5,2.5
15,ciclos_5pct,unitario,esquinas,Desde cero,DFS,30,93.0,49.25,201.5,106.0,93.5,49.25,13.0,3.75,0.5148500204086304,0.4111250163987279,58.0,13.5,58.0,13.5
15,ciclos_5pct,unitario,esquinas,Desde cero,BFS,30,203.5,27.5,426.0,55.75,219.5,31.0,10.0,3.0,0.9339500684291124,0.4333998076617718,47.0,10.0,47.0,10.0
15,ciclos_5pct,unitario,esquinas,Desde cero,UCS,30,203.5,27.5,426.0,55.75,219.5,31.0,10.0,3.0,1.2825499288737774,1.0152250179089606,47.0,10.0,47.0,10.0
15,ciclos_5pct,unitario,esquinas,Desde cero,DLS,30,93.0,49.5,203.0,108.25,49.0,51.5,57.0,12.5,0.639250036329031,0.7065749960020185,58.0,13.5,58.0,13.5
15,ciclos_5pct,unitario,esquinas,Desde cero,IDDFS,30,5805.5,3372.5,12203.0,7114.25,5844.0,3680.0,47.5,5.75,44.99800002668053,24.95244995225221,47.0,10.0,47.0,10.0
15,ciclos_5pct,unitario,esquinas,Desde cero,BIDIRECCIONAL,30,148.0,45.5,308.0,95.5,153.0,48.25,12.0,3.5,0.5954500520601869,0.18972496036440134,47.0,10.0,47.0,10.0
15,ciclos_5pct,unitario,esquinas,Desde cero,Lee,30,201.5,29.5,423.0,59.25,218.0,33.0,10.0,2.75,0.3151999553665519,0.06247503915801644,47.0,10.0,47.0,10.0
15,ciclos_5pct,unitario,interior,Desde cero,DFS,30,105.5,64.25,225.5,131.5,108.0,67.75,13.5,7.0,0.5562000442296267,0.2495000953786075,56.0,20.75,56.0,20.75
15,ciclos_5pct,unitario,interior,Desde cero,BFS,30,161.5,59.25,339.0,117.0,173.5,64.5,10.0,3.5,0.8252499392256141,0.289199932012707,36.5,11.25,36.5,11.25
15,ciclos_5pct,unitario,interior,Desde cero,UCS,30,161.5,59.25,339.0,117.0,173.5,64.5,10.0,3.5,1.1265500215813518,0.5364750395528972,36.5,11.25,36.5,11.25
15,ciclos_5pct,unitario,interior,Desde cero,DLS,30,107.0,69.75,230.5,147.5,69.5,65.5,52.5,17.0,0.6184499943628907,0.6213249871507287,56.0,20.75,56.0,20.75
15,ciclos_5pct,unitario,interior,Desde cero,IDDFS,30,3519.5,4461.75,7496.0,9628.25,3370.5,4491.5,35.5,12.0,25.442149955779314,37.720575055573136,36.5,11.25,36.5,11.25
15,ciclos_5pct,unitario,interior,Desde cero,BIDIRECCIONAL,30,144.5,50.75,308.0,105.75,157.0,56.0,13.0,3.75,0.5670500686392188,0.3157501923851669,36.5,11.25,36.5,11.25
15,ciclos_5pct,unitario,interior,Desde cero,Lee,30,160.5,66.5,337.0,130.5,172.5,72.5,9.0,3.0,0.28074998408555984,0.0885000335983932,36.5,11.25,36.5,11.25
15,ciclos_5pct,unitario,cercanas,Desde cero,DFS,30,31.5,161.5,66.5,343.0,30.5,170.0,5.5,11.75,0.17110002227127552,0.8564000017940998,6.5,25.0,6.5,25.0
15,ciclos_5pct,unitario,cercanas,Desde cero,BFS,30,10.5,5.0,23.5,14.25,9.5,6.5,4.0,2.0,0.06105005741119385,0.05304999649524689,4.0,1.0,4.0,1.0
15,ciclos_5pct,unitario,cercanas,Desde cero,UCS,30,10.5,5.0,23.5,14.25,9.5,6.5,4.0,2.0,0.08595001418143511,0.056924938689917326,4.0,1.0,4.0,1.0
15,ciclos_5pct,unitario,cercanas,Desde cero,DLS,30,31.5,212.5,66.5,451.75,20.0,195.5,19.0,51.0,0.3570500994101167,2.213300031144172,6.5,25.0,6.5,25.0
15,ciclos_5pct,unitario,cercanas,Desde cero,IDDFS,30,20.5,14.0,43.5,31.5,7.0,8.75,6.0,2.0,0.17924990970641375,0.20907504949718714,4.0,1.0,4.0,1.0
15,ciclos_5pct,unitario,cercanas,Desde cero,BIDIRECCIONAL,30,6.0,3.75,12.5,8.75,3.5,4.0,5.0,1.0,0.05855003837496042,0.042100087739527225,4.0,1.0,4.0,1.0
15,ciclos_5pct,unitario,cercanas,Desde cero,Lee,30,10.0,5.0,22.0,12.5,9.0,6.0,4.0,2.0,0.02555013634264469,0.009575043804943562,4.0,1.0,4.0,1.0
15,ciclos_5pct,ponderado,esquinas,Desde cero,DFS,30,93.0,49.25,201.5,106.0,93.5,49.25,13.0,3.75,0.666150008328259,0.41007489198818803,312.0,83.75,58.0,13.5
15,ciclos_5pct,ponderado,esquinas,Desde cero,BFS,30,203.5,27.5,426.0,55.75,219.5,31.0,10.0,3.0,1.0167999425902963,0.1549749867990613,224.5,61.5,47.0,10.0
15,ciclos_5pct,ponderado,esquinas,Desde cero,UCS,30,204.5,28.5,428.5,56.0,220.0,31.0,11.0,3.0,1.410700031556189,0.4236249951645732,223.0,62.75,47.0,12.0
15,ciclos_5pct,ponderado,esquinas,Desde cero,DLS,30,93.0,49.5,203.0,108.25,49.0,51.5,57.0,12.5,0.766450073570013,0.7340250303968787,312.0,83.75,58.0,13.5
15,ciclos_5pct,ponderado,esquinas,Desde cero,IDDFS,30,5805.5,3372.5,12203.0,7114.25,5844.0,3680.0,47.5,5.75,54.96774998027831,37.11219987599179,225.5,61.0,47.0,10.0
15,ciclos_5pct,ponderado,interior,Desde cero,DFS,30,105.5,64.25,225.5,131.5,108.0,67.75,13.5,7.0,0.6494499975815415,0.4250750062055886,288.0,129.5,56.0,20.75
15,ciclos_5pct,ponderado,interior,Desde cero,BFS,30,161.5,59.25,339.0,117.0,173.5,64.5,10.0,3.5,0.9175000013783574,0.6365248700603843,168.0,62.75,36.5,11.25
15,ciclos_5pct,ponderado,interior,Desde cero,UCS,30,167.0,50.5,352.0,99.5,177.0,54.0,10.5,4.75,1.317949965596199,0.9258748614229262,168.0,62.25,36.5,11.5
15,ciclos_5pct,ponderado,interior,Desde cero,DLS,30,107.0,69.75,230.5,147.5,69.5,65.5,52.5,17.0,0.818750006146729,0.7802499458193779,288.0,129.5,56.0,20.75
15,ciclos_5pct,ponderado,interior,Desde cero,IDDFS,30,3519.5,4461.75,7496.0,9628.25,3370.5,4491.5,35.5,12.0,32.48185000848025,46.51527514215559,169.0,62.5,36.5,11.25
15,ciclos_5pct,ponderado,cercanas,Desde cero,DFS,30,31.5,161.5,66.5,343.0,30.5,170.0,5.5,11.75,0.1857000170275569,0.8189501240849495,39.0,114.0,6.5,25.0
15,ciclos_5pct,ponderado,cercanas,Desde cero,BFS,30,10.5,5.0,23.5,14.25,9.5,6.5,4.0,2.0,0.06949994713068008,0.04522508243098855,24.5,8.75,4.0,1.0
15,ciclos_5pct,ponderado,cercanas,Desde cero,UCS,30,11.0,5.75,23.5,15.5,11.0,7.0,4.0,1.0,0.10755006223917007,0.05315011367201805,24.5,8.75,4.0,1.0
15,ciclos_5pct,ponderado,cercanas,Desde cero,DLS,30,31.5,212.5,66.5,451.75,20.0,195.5,19.0,51.0,0.20919996313750744,2.1904000313952565,39.0,114.0,6.5,25.0
15,ciclos_5pct,ponderado,cercanas,Desde cero,IDDFS,30,20.5,14.0,43.5,31.5,7.0,8.75,6.0,2.0,0.20020001102238894,0.1406000810675323,24.5,8.75,4.0,1.0
15,ciclos_10pct,unitario,esquinas,Desde cero,DFS,30,71.5,58.25,163.0,129.25,74.0,64.75,17.5,4.75,0.37860008887946606,0.3165499656461179,53.0,15.0,53.0,15.0
15,ciclos_10pct,unitario,esquinas,Desde cero,BFS,30,211.5,26.75,461.0,54.0,246.0,33.25,13.0,3.75,0.910150003619492,0.11567509500309825,39.0,8.0,39.0,8.0
15,ciclos_10pct,unitario,esquinas,Desde cero,UCS,30,211.5,26.75,461.0,54.0,246.0,33.25,13.0,3.75,1.2745499843731523,0.28615014161914587,39.0,8.0,39.0,8.0
15,ciclos_10pct,unitario,esquinas,Desde cero,DLS,30,74.0,59.5,168.5,129.25,35.0,50.5,57.0,13.5,0.49145007506012917,0.3881500451825559,53.0,15.0,53.0,15.0
15,ciclos_10pct,unitario,esquinas,Desde cero,IDDFS,30,6226.0,4067.75,13847.0,9198.25,6357.5,4496.5,46.5,8.0,49.29344996344298,33.57580001465976,39.0,8.0,39.0,8.0
15,ciclos_10pct,unitario,esquinas,Desde cero,BIDIRECCIONAL,30,141.0,37.0,312.5,82.5,158.5,44.0,15.0,3.0,0.6192500004544854,0.1932498998939991,39.0,8.0,39.0,8.0
15,ciclos_10pct,unitario,esquinas,Desde cero,Lee,30,208.5,28.75,453.0,60.25,241.0,35.5,12.0,2.0,0.34054997377097607,0.05967507604509592,39.0,8.0,39.0,8.0
15,ciclos_10pct,unitario,interior,Desde cero,DFS,30,97.0,98.0,216.0,219.0,103.0,110.75,19.0,7.75,0.4867500392720103,0.5405499832704663,56.0,42.5,56.0,42.5
15,ciclos_10pct,unitario,interior,Desde cero,BFS,30,164.5,53.5,362.0,114.5,192.0,64.75,13.0,4.5,0.7717501139268279,0.4115749034099281,27.0,11.5,27.0,11.5
15,ciclos_10pct,unitario,interior,Desde cero,UCS,30,164.5,53.5,362.0,114.5,192.0,64.75,13.0,4.5,1.1549500050023198,0.5973499501124024,27.0,11.5,27.0,11.5
15,ciclos_10pct,unitario,interior,Desde cero,DLS,30,98.5,133.5,221.5,293.0,60.0,129.0,58.5,29.5,0.5594000685960054,1.1838750797323883,56.0,42.5,56.0,42.5
15,ciclos_10pct,unitario,interior,Desde cero,IDDFS,30,2760.5,2866.25,6135.5,6180.0,2748.0,3056.5,33.5,11.75,20.87805001065135,22.979325032792985,27.0,11.5,27.0,11.5
15,ciclos_10pct,unitario,interior,Desde cero,BIDIRECCIONAL,30,118.5,68.25,267.0,144.75,136.0,80.0,16.0,5.0,0.5266999360173941,0.25990005815401673,27.0,11.5,27.0,11.5
15,ciclos_10pct,unitario,interior,Desde cero,Lee,30,162.5,57.75,357.5,122.0,189.5,71.5,12.0,3.75,0.2722499193623662,0.11694995919242501,27.0,11.5,27.0,11.5
15,ciclos_10pct,unitario,cercanas,Desde cero,DFS,30,16.0,121.5,35.5,270.75,15.5,132.0,6.0,16.0,0.10124989785254002,0.736124929971993,11.0,47.75,11.0,47.75
15,ciclos_10pct,unitario,cercanas,Desde cero,BFS,30,11.5,8.0,25.5,20.25,12.0,11.0,5.0,4.0,0.06440002471208572,0.056450022384524345,5.0,1.0,5.0,1.0
15,ciclos_10pct,unitario,cercanas,Desde cero,UCS,30,11.5,8.0,25.5,20.25,12.0,11.0,5.0,4.0,0.08805014658719301,0.07504998939111829,5.0,1.0,5.0,1.0
15,ciclos_10pct,unitario,cercanas,Desde cero,DLS,30,16.0,126.75,35.5,279.75,7.5,103.0,14.0,43.75,0.12624997179955244,0.9415000095032156,11.0,47.75,11.0,47.75
15,ciclos_10pct,unitario,cercanas,Desde cero,IDDFS,30,21.5,19.5,50.5,49.25,7.5,10.75,6.5,2.5,0.18334994092583656,0.13394997222349048,5.0,1.0,5.0,1.0
15,ciclos_10pct,unitario,cercanas,Desde cero,BIDIRECCIONAL,30,6.5,4.75,14.5,11.5,4.5,5.75,6.0,2.0,0.05725014489144087,0.04385004285722971,5.0,1.0,5.0,1.0
15,ciclos_10pct,unitario,cercanas,Desde cero,Lee,30,10.0,7.75,22.0,19.5,9.0,9.5,4.0,3.0,0.02589996438473463,0.014599994756281376,5.0,1.0,5.0,1.0
15,ciclos_10pct,ponderado,esquinas,Desde cero,DFS,30,71.5,58.25,163.0,129.25,74.0,64.75,17.5,4.75,0.4785499768331647,0.3187499241903424,256.0,60.25,53.0,15.0
15,ciclos_10pct,ponderado,esquinas,Desde cero,BFS,30,211.5,26.75,461.0,54.0,246.0,33.25,13.0,3.75,1.071999897249043,0.2318000770173967,191.0,46.0,39.0,8.0
15,ciclos_10pct,ponderado,esquinas,Desde cero,UCS,30,208.0,32.75,454.0,69.0,242.0,39.5,13.5,3.0,1.537649892270565,0.3881749580614269,180.5,44.75,39.0,9.5
15,ciclos_10pct,ponderado,esquinas,Desde cero,DLS,30,74.0,59.5,168.5,129.25,35.0,50.5,57.0,13.5,0.6326499860733747,0.76042499858886,256.0,60.25,53.0,15.0
15,ciclos_10pct,ponderado,esquinas,Desde cero,IDDFS,30,6226.0,4067.75,13847.0,9198.25,6357.5,4496.5,46.5,8.0,63.30975005403161,48.223250079900026,190.0,45.75,39.0,8.0
15,ciclos_10pct,ponderado,interior,Desde cero,DFS,30,97.0,98.0,216.0,219.0,103.0,110.75,19.0,7.75,0.553299905732274,0.5435250932350755,270.0,222.0,56.0,42.5
15,ciclos_10pct,ponderado,interior,Desde cero,BFS,30,164.5,53.5,362.0,114.5,192.0,64.75,13.0,4.5,0.9314999915659428,0.29319984605535865,131.5,59.5,27.0,11.5
15,ciclos_10pct,ponderado,interior,Desde cero,UCS,30,182.0,68.25,397.0,146.5,210.5,78.25,13.0,3.75,1.4001000672578812,0.5691250553354621,131.5,57.75,27.0,10.5
15,ciclos_10pct,ponderado,interior,Desde cero,DLS,30,98.5,133.5,221.5,293.0,60.0,129.0,58.5,29.5,0.6783501012250781,1.1832749587483704,270.0,222.0,56.0,42.5
15,ciclos_10pct,ponderado,interior,Desde cero,IDDFS,30,2760.5,2866.25,6135.5,6180.0,2748.0,3056.5,33.5,11.75,27.1507001016289,28.78449996933341,134.0,53.75,27.0,11.5
15,ciclos_10pct,ponderado,cercanas,Desde cero,DFS,30,16.0,121.5,35.5,270.75,15.5,132.0,6.0,16.0,0.1996000064536929,0.8987750043161213,61.5,223.25,11.0,47.75
15,ciclos_10pct,ponderado,cercanas,Desde cero,BFS,30,11.5,8.0,25.5,20.25,12.0,11.0,5.0,4.0,0.09605009108781815,0.07419998291879892,23.0,8.0,5.0,1.0
15,ciclos_10pct,ponderado,cercanas,Desde cero,UCS,30,13.0,9.0,29.5,23.5,13.5,9.75,4.0,3.5,0.1296499976888299,0.08900003740563989,23.0,8.0,5.0,1.0
15,ciclos_10pct,ponderado,cercanas,Desde cero,DLS,30,16.0,126.75,35.5,279.75,7.5,103.0,14.0,43.75,0.14589994680136442,1.21447496348992,61.5,223.25,11.0,47.75
15,ciclos_10pct,ponderado,cercanas,Desde cero,IDDFS,30,21.5,19.5,50.5,49.25,7.5,10.75,6.5,2.5,0.20465010311454535,0.1952998572960496,23.0,11.0,5.0,1.0
25,arbol,unitario,esquinas,Desde cero,DFS,30,247.0,97.0,508.5,191.0,246.0,97.0,16.0,4.0,1.3352499809116125,2.3936000070534647,122.0,29.0,122.0,29.0
25,arbol,unitario,esquinas,Desde cero,BFS,30,492.0,126.5,989.5,252.75,491.0,126.5,10.5,3.0,2.5149498833343387,1.6266250750049949,122.0,29.0,122.0,29.0
25,arbol,unitario,esquinas,Desde cero,UCS,30,492.0,126.5,989.5,252.75,491.0,126.5,10.5,3.0,3.4488500095903873,2.6936251670122147,122.0,29.0,122.0,29.0
25,arbol,unitario,esquinas,Desde cero,DLS,30,247.0,97.0,508.5,191.0,163.5,77.75,101.0,15.5,1.4245000202208757,0.6157500320114195,122.0,29.0,122.0,29.0
25,arbol,unitario,esquinas,Desde cero,IDDFS,30,24394.0,9487.75,49052.5,19057.75,23761.5,9413.0,98.0,14.0,187.48399999458343,113.65199985448271,122.0,29.0,122.0,29.0
25,arbol,unitario,esquinas,Desde cero,BIDIRECCIONAL,30,383.5,99.0,771.5,203.25,380.5,98.25,13.0,4.75,2.1215999731794,1.9297252292744815,122.0,29.0,122.0,29.0
25,arbol,unitario,esquinas,Desde cero,Lee,30,487.0,124.25,979.5,251.5,486.0,124.25,10.0,3.5,0.8929000468924642,0.4341999883763492,122.0,29.0,122.0,29.0
25,arbol,unitario,interior,Desde cero,DFS,30,248.5,220.25,509.5,442.75,247.5,220.25,13.0,4.5,1.3932499568909407,1.6113248420879245,90.0,63.75,90.0,63.75
25,arbol,unitario,interior,Desde cero,BFS,30,376.5,239.75,757.0,482.75,375.5,239.75,10.0,5.0,1.7867999849840999,1.6143000684678555,90.0,63.75,90.0,63.75
25,arbol,unitario,interior,Desde cero,UCS,30,376.5,239.75,757.0,482.75,375.5,239.75,10.0,5.0,2.4048000341281295,3.2764250063337386,90.0,63.75,90.0,63.75
25,arbol,unitario,interior,Desde cero,DLS,30,248.5,220.25,509.5,442.75,182.5,207.75,80.0,29.0,1.8178999889642,1.500900078099221,90.0,63.75,90.0,63.75
25,arbol,unitario,interior,Desde cero,IDDFS,30,15870.5,18693.5,32031.5,37398.25,15274.0,18435.75,71.0,43.0,126.86950003262609,139.31147492257878,90.0,63.75,90.0,63.75
25,arbol,unitario,interior,Desde cero,BIDIRECCIONAL,30,398.5,250.0,804.5,502.25,396.0,251.0,14.0,3.75,1.7154001398012042,1.218249904923141,90.0,63.75,90.0,63.75
25,arbol,unitario,interior,Desde cero,Lee,30,374.0,237.5,752.0,476.75,373.0,237.5,9.5,4.0,0.7158999796956778,0.44052477460354567,90.0,63.75,90.0,63.75
25,arbol,unitario,cercanas,Desde cero,DFS,30,14.5,284.75,28.5,567.75,13.5,284.75,3.0,8.0,0.11829996947199106,1.3209250173531473,5.0,2.75,5.0,2.75
25,arbol,unitario,cercanas,Desde cero,BFS,30,10.0,4.75,20.0,11.5,9.0,4.75,3.0,2.0,0.056549906730651855,0.03744993591681123,5.0,2.75,5.0,2.75
25,arbol,unitario,cercanas,Desde cero,UCS,30,10.0,4.75,20.0,11.5,9.0,4.75,3.0,2.0,0.07755006663501263,0.049974885769188404,5.0,2.75,5.0,2.75
25,arbol,unitario,cercanas,Desde cero,DLS,30,14.5,284.75,28.5,567.75,13.0,286.0,8.5,49.0,0.10144989937543869,2.378424920607358,5.0,2.75,5.0,2.75
25,arbol,unitario,cercanas,Desde cero,IDDFS,30,19.0,20.25,38.5,39.75,7.0,12.0,5.0,2.0,0.18450000789016485,0.11787511175498366,5.0,2.75,5.0,2.75
25,arbol,unitario,cercanas,Desde cero,BIDIRECCIONAL,30,7.0,4.5,13.5,8.0,4.0,4.75,4.0,1.0,0.056699966080486774,0.021425075829029083,5.0,2.75,5.0,2.75
25,arbol,unitario,cercanas,Desde cero,Lee,30,8.5,4.75,18.0,9.0,7.5,4.75,3.0,2.0,0.022149994038045406,0.013624958228319883,5.0,2.75,5.0,2.75
25,arbol,ponderado,esquinas,Desde cero,DFS,30,247.0,97.0,508.5,191.0,246.0,97.0,16.0,4.0,1.5607000095769763,0.8644250337965786,615.0,130.5,122.0,29.0
25,arbol,ponderado,esquinas,Desde cero,BFS,30,492.0,126.5,989.5,252.75,491.0,126.5,10.5,3.0,2.8438500594347715,0.9608000400476158,615.0,130.5,122.0,29.0
25,arbol,ponderado,esquinas,Desde cero,UCS,30,495.5,118.75,994.0,238.25,494.5,118.75,10.0,3.0,5.407249904237688,4.0913499542512,615.0,130.5,122.0,29.0
25,arbol,ponderado,esquinas,Desde cero,DLS,30,247.0,97.0,508.5,191.0,163.5,77.75,101.0,15.5,1.8608500249683857,0.9853002266027033,615.0,130.5,122.0,29.0
25,arbol,ponderado,esquinas,Desde cero,IDDFS,30,24394.0,9487.75,49052.5,19057.75,23761.5,9413.0,98.0,14.0,231.9661999354139,129.4149249442853,615.0,130.5,122.0,29.0
25,arbol,ponderado,interior,Desde cero,DFS,30,248.5,220.25,509.5,442.75,247.5,220.25,13.0,4.5,1.9460499752312899,2.008549985475838,452.5,292.0,90.0,63.75
25,arbol,ponderado,interior,Desde cero,BFS,30,376.5,239.75,757.0,482.75,375.5,239.75,10.0,5.0,2.2467001108452678,1.3871999690309167,452.5,292.0,90.0,63.75
25,arbol,ponderado,interior,Desde cero,UCS,30,374.5,250.5,753.0,503.25,373.5,250.5,10.0,3.75,3.324700053781271,1.4681500615552068,452.5,292.0,90.0,63.75
25,arbol,ponderado,interior,Desde cero,DLS,30,248.5,220.25,509.5,442.75,182.5,207.75,80.0,29.0,2.362400060519576,1.6826000646688044,452.5,292.0,90.0,63.75
25,arbol,ponderado,interior,Desde cero,IDDFS,30,15870.5,18693.5,32031.5,37398.25,15274.0,18435.75,71.0,43.0,144.13904992397875,184.31377521483228,452.5,292.0,90.0,63.75
25,arbol,ponderado,cercanas,Desde cero,DFS,30,14.5,284.75,28.5,567.75,13.5,284.75,3.0,8.0,0.13625004794448614,2.0485748536884785,21.0,9.75,5.0,2.75
25,arbol,ponderado,cercanas,Desde cero,BFS,30,10.0,4.75,20.0,11.5,9.0,4.75,3.0,2.0,0.07275003008544445,0.03182498039677739,21.0,9.75,5.0,2.75
25,arbol,ponderado,cercanas,Desde cero,UCS,30,9.0,5.0,18.5,11.25,8.0,5.0,3.0,2.0,0.09689992293715477,0.040675047785043716,21.0,9.75,5.0,2.75
25,arbol,ponderado,cercanas,Desde cero,DLS,30,14.5,284.75,28.5,567.75,13.0,286.0,8.5,49.0,0.14010013546794653,2.9434250900521874,21.0,9.75,5.0,2.75
25,arbol,ponderado,cercanas,Desde cero,IDDFS,30,19.0,20.25,38.5,39.75,7.0,12.0,5.0,2.0,0.19749999046325684,0.1221999991685152,21.0,9.75,5.0,2.75
25,ciclos_5pct,unitario,esquinas,Desde cero,DFS,30,198.5,109.75,430.0,229.0,203.0,118.25,27.0,9.25,1.0300001595169306,1.113549864385277,104.0,33.0,104.0,33.0
25,ciclos_5pct,unitario,esquinas,Desde cero,BFS,30,573.5,52.25,1205.5,106.5,625.0,58.5,18.0,4.0,2.571999910287559,2.325850073248148,76.0,26.0,76.0,26.0
25,ciclos_5pct,unitario,esquinas,Desde cero,UCS,30,573.5,52.25,1205.5,106.5,625.0,58.5,18.0,4.0,5.001349956728518,3.293750050943345,76.0,26.0,76.0,26.0
25,ciclos_5pct,unitario,esquinas,Desde cero,DLS,30,209.5,224.5,442.0,468.5,133.5,254.0,107.5,32.25,1.6409000381827354,3.379749949090183,104.0,33.0,104.0,33.0
25,ciclos_5pct,unitario,esquinas,Desde cero,IDDFS,30,32386.5,24803.75,69181.0,52426.75,32943.0,26505.25,81.5,13.75,262.84200011286885,304.8122249310836,76.0,26.0,76.0,26.0
25,ciclos_5pct,unitario,esquinas,Desde cero,BIDIRECCIONAL,30,344.0,100.5,731.5,206.75,372.0,112.25,20.0,5.0,1.6763999592512846,0.9042251040227711,76.0,26.0,76.0,26.0
25,ciclos_5pct,unitario,esquinas,Desde cero,Lee,30,570.0,51.75,1199.0,107.25,621.0,58.25,17.0,3.75,0.9639500640332699,1.1554000666365027,76.0,26.0,76.0,26.0
25,ciclos_5pct,unitario,interior,Desde cero,DFS,30,192.0,191.0,411.5,406.5,197.5,198.5,28.0,15.5,1.2206999817863107,1.1637748102657497,98.5,47.0,98.5,47.0
25,ciclos_5pct,unitario,interior,Desde cero,BFS,30,411.5,138.75,872.5,283.5,448.0,146.25,17.0,2.0,1.94724986795336,1.0651248157955706,47.0,26.5,47.0,26.5
25,ciclos_5pct,unitario,interior,Desde cero,UCS,30,411.5,138.75,872.5,283.5,448.0,146.25,17.0,2.0,3.017400042153895,1.5453752130270004,47.0,26.5,47.0,26.5
25,ciclos_5pct,unitario,interior,Desde cero,DLS,30,228.5,197.25,488.0,419.0,163.0,183.5,104.0,53.25,1.5565500361844897,3.3356751082465053,98.5,47.0,98.5,47.0
25,ciclos_5pct,unitario,interior,Desde cero,IDDFS,30,11341.5,17512.0,24150.5,36448.25,11176.0,17537.25,51.0,25.5,106.60335002467036,144.451150088571,47.0,26.5,47.0,26.5
25,ciclos_5pct,unitario,interior,Desde cero,BIDIRECCIONAL,30,294.0,183.25,621.5,389.5,312.0,197.75,20.5,5.75,1.4123499859124422,1.0415001306682825,47.0,26.5,47.0,26.5
25,ciclos_5pct,unitario,interior,Desde cero,Lee,30,403.0,142.5,855.5,289.25,440.0,149.25,16.0,3.0,0.7158499211072922,0.7595501374453306,47.0,26.5,47.0,26.5
25,ciclos_5pct,unitario,cercanas,Desde cero,DFS,30,201.5,445.75,429.0,941.25,205.0,465.25,22.5,34.5,0.9485000045970082,2.710674947593361,23.5,118.0,23.5,118.0
25,ciclos_5pct,unitario,cercanas,Desde cero,BFS,30,11.0,6.75,24.0,14.5,10.5,6.75,4.0,2.0,0.07129996083676815,0.04574982449412346,5.0,2.0,5.0,2.0
25,ciclos_5pct,unitario,cercanas,Desde cero,UCS,30,11.0,6.75,24.0,14.5,10.5,6.75,4.0,2.0,0.09664997924119234,0.06297486834228039,5.0,2.0,5.0,2.0
25,ciclos_5pct,unitario,cercanas,Desde cero,DLS,30,212.0,566.5,449.5,1210.75,161.5,512.25,74.5,135.5,1.4551500789821148,6.836700078565627,23.5,118.0,23.5,118.0
25,ciclos_5pct,unitario,cercanas,Desde cero,IDDFS,30,22.0,19.25,51.5,44.25,9.5,12.5,6.0,2.0,0.2071999479085207,0.17322495114058256,5.0,2.0,5.0,2.0
25,ciclos_5pct,unitario,cercanas,Desde cero,BIDIRECCIONAL,30,7.5,4.0,15.0,9.75,5.0,4.75,5.5,2.0,0.06230000872164965,0.03497500438243151,5.0,2.0,5.0,2.0
25,ciclos_5pct,unitario,cercanas,Desde cero,Lee,30,10.0,5.75,23.0,15.0,10.0,6.0,4.0,2.0,0.02374988980591297,0.018224935047328472,5.0,2.0,5.0,2.0
25,ciclos_5pct,ponderado,esquinas,Desde cero,DFS,30,198.5,109.75,430.0,229.0,203.0,118.25,27.0,9.25,1.242400030605495,1.3898502220399678,541.5,166.0,104.0,33.0
25,ciclos_5pct,ponderado,esquinas,Desde cero,BFS,30,573.5,52.25,1205.5,106.5,625.0,58.5,18.0,4.0,3.1794499373063445,3.0593497212976217,391.0,134.0,76.0,26.0
25,ciclos_5pct,ponderado,esquinas,Desde cero,UCS,30,571.5,50.25,1202.5,101.25,625.0,60.75,18.0,4.75,6.150699919089675,4.407900094520301,384.0,133.75,76.0,27.5
25,ciclos_5pct,ponderado,esquinas,Desde cero,DLS,30,209.5,224.5,442.0,468.5,133.5,254.0,107.5,32.25,1.6688999021425843,2.325850131455809,541.5,166.0,104.0,33.0
25,ciclos_5pct,ponderado,esquinas,Desde cero,IDDFS,30,32386.5,24803.75,69181.0,52426.75,32943.0,26505.25,81.5,13.75,320.5601499648765,263.8935497379862,396.0,128.5,76.0,26.0
25,ciclos_5pct,ponderado,interior,Desde cero,DFS,30,192.0,191.0,411.5,406.5,197.5,198.5,28.0,15.5,1.4411999145522714,1.3560501975007355,486.0,227.75,98.5,47.0
25,ciclos_5pct,ponderado,interior,Desde cero,BFS,30,411.5,138.75,872.5,283.5,448.0,146.25,17.0,2.0,2.2428499069064856,0.8507751044817269,241.5,143.75,47.0,26.5
25,ciclos_5pct,ponderado,interior,Desde cero,UCS,30,376.0,157.75,801.5,331.0,409.0,175.25,18.5,5.25,3.913350054062903,3.597924835048616,236.5,141.5,49.0,26.75
25,ciclos_5pct,ponderado,interior,Desde cero,DLS,30,228.5,197.25,488.0,419.0,163.0,183.5,104.0,53.25,1.8826000159606338,4.2352499440312386,486.0,227.75,98.5,47.0
25,ciclos_5pct,ponderado,interior,Desde cero,IDDFS,30,11341.5,17512.0,24150.5,36448.25,11176.0,17537.25,51.0,25.5,120.36015000194311,147.28065015515313,239.5,137.5,47.0,26.5
25,ciclos_5pct,ponderado,cercanas,Desde cero,DFS,30,201.5,445.75,429.0,941.25,205.0,465.25,22.5,34.5,1.518300035968423,3.0716999899595976,123.0,571.75,23.5,118.0
25,ciclos_5pct,ponderado,cercanas,Desde cero,BFS,30,11.0,6.75,24.0,14.5,10.5,6.75,4.0,2.0,0.08130003698170185,0.04897511098533869,19.0,9.5,5.0,2.0
25,ciclos_5pct,ponderado,cercanas,Desde cero,UCS,30,11.0,5.5,24.5,13.0,11.0,5.5,4.0,2.0,0.11320016346871853,0.06572488928213716,19.0,9.5,5.0,2.0
25,ciclos_5pct,ponderado,cercanas,Desde cero,DLS,30,212.0,566.5,449.5,1210.75,161.5,512.25,74.5,135.5,1.5584999928250909,6.298949825577438,123.0,571.75,23.5,118.0
25,ciclos_5pct,ponderado,cercanas,Desde cero,IDDFS,30,22.0,19.25,51.5,44.25,9.5,12.5,6.0,2.0,0.23084995336830616,0.22627500584349036,19.0,8.75,5.0,2.0
25,ciclos_10pct,unitario,esquinas,Desde cero,DFS,30,161.5,153.5,371.5,327.5,168.0,172.25,35.5,8.75,0.9670999133959413,0.7447999087162316,91.0,25.0,91.0,25.0
25,ciclos_10pct,unitario,esquinas,Desde cero,BFS,30,598.0,27.25,1312.0,58.0,707.0,35.5,23.0,5.0,2.738300012424588,1.3506248942576349,62.0,11.5,62.0,11.5
25,ciclos_10pct,unitario,esquinas,Desde cero,UCS,30,598.0,27.25,1312.0,58.0,707.0,35.5,23.0,5.0,4.606500035151839,3.871649969369173,62.0,11.5,62.0,11.5
25,ciclos_10pct,unitario,esquinas,Desde cero,DLS,30,163.5,203.75,371.5,446.0,94.5,217.25,108.0,22.25,1.590350060723722,2.2883500205352902,91.0,25.0,91.0,25.0
25,ciclos_10pct,unitario,esquinas,Desde cero,IDDFS,30,44208.5,24490.0,98571.5,55472.75,47899.5,29188.5,80.0,9.0,373.3902000822127,283.32779998891056,62.0,11.5,62.0,11.5
25,ciclos_10pct,unitario,esquinas,Desde cero,BIDIRECCIONAL,30,362.5,51.5,811.0,116.25,421.5,57.25,27.0,3.0,1.596249989233911,0.675350078381598,62.0,11.5,62.0,11.5
25,ciclos_10pct,unitario,esquinas,Desde cero,Lee,30,593.5,31.0,1302.0,67.5,702.0,40.75,21.0,4.75,0.9865500032901764,0.46010001096874475,62.0,11.5,62.0,11.5
25,ciclos_10pct,unitario,interior,Desde cero,DFS,30,252.5,172.0,568.0,371.0,273.0,194.0,42.0,22.25,1.5051999362185597,1.0167000000365078,113.0,79.5,113.0,79.5
25,ciclos_10pct,unitario,interior,Desde cero,BFS,30,407.5,229.75,901.0,496.0,476.5,276.75,22.0,5.25,2.0074499770998955,1.1689250241033733,37.0,16.75,37.0,16.75
25,ciclos_10pct,unitario,interior,Desde cero,UCS,30,407.5,229.75,901.0,496.0,476.5,276.75,22.0,5.25,3.1959000043570995,2.227674936875701,37.0,16.75,37.0,16.75
25,ciclos_10pct,unitario,interior,Desde cero,DLS,30,284.0,286.25,643.5,636.5,198.5,299.75,122.0,54.0,1.9954500021412969,3.0818249797448516,113.0,79.5,113.0,79.5
25,ciclos_10pct,unitario,interior,Desde cero,IDDFS,30,9944.5,16631.0,22280.0,36574.5,10260.0,17646.75,50.5,20.25,97.4960500607267,160.67912511061877,37.0,16.75,37.0,16.75
25,ciclos_10pct,unitario,interior,Desde cero,BIDIRECCIONAL,30,272.0,125.25,613.5,275.5,313.5,145.75,27.0,6.5,1.3742998708039522,0.5563750746659935,37.0,16.75,37.0,16.75
25,ciclos_10pct,unitario,interior,Desde cero,Lee,30,399.0,234.5,883.0,514.75,466.5,287.75,20.0,4.5,0.7230500923469663,0.5176999839022756,37.0,16.75,37.0,16.75
25,ciclos_10pct,unitario,cercanas,Desde cero,DFS,30,174.0,542.5,395.0,1200.0,191.5,619.5,30.0,47.25,0.955799943767488,2.722025034017861,28.0,100.25,28.0,100.25
25,ciclos_10pct,unitario,cercanas,Desde cero,BFS,30,12.0,9.0,27.5,22.25,11.0,11.0,4.5,4.0,0.07435004226863384,0.07857498712837696,5.0,1.0,5.0,1.0
25,ciclos_10pct,unitario,cercanas,Desde cero,UCS,30,12.0,9.0,27.5,22.25,11.0,11.0,4.5,4.0,0.10894995648413897,0.06507482612505555,5.0,1.0,5.0,1.0
25,ciclos_10pct,unitario,cercanas,Desde cero,DLS,30,189.0,1487.25,424.0,3266.0,146.0,1671.75,83.5,151.5,1.179249957203865,13.422199932392687,28.0,100.25,28.0,100.25
25,ciclos_10pct,unitario,cercanas,Desde cero,IDDFS,30,23.0,17.75,56.0,37.5,8.0,12.5,7.0,3.0,0.19515003077685833,0.18274981994181871,5.0,1.0,5.0,1.0
25,ciclos_10pct,unitario,cercanas,Desde cero,BIDIRECCIONAL,30,7.0,3.75,15.5,9.0,4.0,4.0,6.0,2.0,0.05809997674077749,0.021700223442167044,5.0,1.0,5.0,1.0
25,ciclos_10pct,unitario,cercanas,Desde cero,Lee,30,11.0,6.5,27.5,16.25,11.0,6.75,4.5,4.5,0.02605002373456955,0.011199910659343004,5.0,1.0,5.0,1.0
25,ciclos_10pct,ponderado,esquinas,Desde cero,DFS,30,161.5,153.5,371.5,327.5,168.0,172.25,35.5,8.75,1.0649500181898475,1.0010997648350894,455.5,126.5,91.0,25.0
25,ciclos_10pct,ponderado,esquinas,Desde cero,BFS,30,598.0,27.25,1312.0,58.0,707.0,35.5,23.0,5.0,3.0630999244749546,2.492175088264048,309.0,71.5,62.0,11.5
25,ciclos_10pct,ponderado,esquinas,Desde cero,UCS,30,587.0,44.0,1292.0,91.0,697.0,52.5,23.5,4.75,5.054500070400536,4.0835500112734735,299.0,68.25,62.0,11.5
25,ciclos_10pct,ponderado,esquinas,Desde cero,DLS,30,163.5,203.75,371.5,446.0,94.5,217.25,108.0,22.25,1.4933499041944742,3.3366000279784203,455.5,126.5,91.0,25.0
25,ciclos_10pct,ponderado,esquinas,Desde cero,IDDFS,30,44208.5,24490.0,98571.5,55472.75,47899.5,29188.5,80.0,9.0,472.8787000058219,314.9002000573091,314.5,70.5,62.0,11.5
25,ciclos_10pct,ponderado,interior,Desde cero,DFS,30,252.5,172.0,568.0,371.0,273.0,194.0,42.0,22.25,1.6937999753281474,1.3229498290456831,551.5,377.5,113.0,79.5
25,ciclos_10pct,ponderado,interior,Desde cero,BFS,30,407.5,229.75,901.0,496.0,476.5,276.75,22.0,5.25,2.374699921347201,1.3671498163603246,180.0,87.75,37.0,16.75
25,ciclos_10pct,ponderado,interior,Desde cero,UCS,30,399.5,201.25,887.0,435.5,470.5,241.75,23.0,4.75,4.102650098502636,3.6228501121513546,175.5,91.25,38.0,16.75
25,ciclos_10pct,ponderado,interior,Desde cero,DLS,30,284.0,286.25,643.5,636.5,198.5,299.75,122.0,54.0,3.1046499498188496,4.138249787501991,551.5,377.5,113.0,79.5
25,ciclos_10pct,ponderado,interior,Desde cero,IDDFS,30,9944.5,16631.0,22280.0,36574.5,10260.0,17646.75,50.5,20.25,122.21709999721497,165.89144995668903,184.0,94.5,37.0,16.75
25,ciclos_10pct,ponderado,cercanas,Desde cero,DFS,30,174.0,542.5,395.0,1200.0,191.5,619.5,30.0,47.25,1.1406999547034502,3.1180750811472535,138.0,538.25,28.0,100.25
25,ciclos_10pct,ponderado,cercanas,Desde cero,BFS,30,12.0,9.0,27.5,22.25,11.0,11.0,4.5,4.0,0.0894500408321619,0.04847493255510926,21.5,10.75,5.0,1.0
25,ciclos_10pct,ponderado,cercanas,Desde cero,UCS,30,11.0,9.75,27.0,21.25,10.5,8.75,4.5,4.0,0.11099991388618946,0.07544999243691564,21.5,10.75,5.0,2.0
25,ciclos_10pct,ponderado,cercanas,Desde cero,DLS,30,189.0,1487.25,424.0,3266.0,146.0,1671.75,83.5,151.5,1.7038000514730811,16.05844998266548,138.0,538.25,28.0,100.25
25,ciclos_10pct,ponderado,cercanas,Desde cero,IDDFS,30,23.0,17.75,56.0,37.5,8.0,12.5,7.0,3.0,0.25824992917478085,0.1531748566776514,21.5,11.75,5.0,1.0
40,arbol,unitario,esquinas,Desde cero,DFS,30,561.0,473.5,1152.5,946.5,560.0,473.5,27.0,5.0,4.088749876245856,4.029175150208175,205.0,49.0,205.0,49.0
40,arbol,unitario,esquinas,Desde cero,BFS,30,1267.5,361.0,2539.5,715.25,1266.5,361.0,16.5,4.75,10.069800075143576,3.9200749597512186,205.0,49.0,205.0,49.0
40,arbol,unitario,esquinas,Desde cero,UCS,30,1267.5,361.0,2539.5,715.25,1266.5,361.0,16.5,4.75,13.542399974539876,4.223875119350851,205.0,49.0,205.0,49.0
40,arbol,unitario,esquinas,Desde cero,DLS,30,561.0,473.5,1152.5,946.5,407.5,484.75,170.0,31.75,5.2272999892011285,3.9059501723386347,205.0,49.0,205.0,49.0
40,arbol,unitario,esquinas,Desde cero,IDDFS,30,102420.0,44407.25,205549.0,88872.0,100935.0,44278.75,165.0,28.5,1318.622349994257,633.8018250535242,205.0,49.0,205.0,49.0
40,arbol,unitario,esquinas,Desde cero,BIDIRECCIONAL,30,868.5,333.5,1751.0,670.5,866.0,334.0,19.0,6.75,8.68884997908026,4.99632500577718,205.0,49.0,205.0,49.0
40,arbol,unitario,esquinas,Desde cero,Lee,30,1265.5,365.25,2535.5,725.5,1264.5,365.25,16.0,4.5,4.440450109541416,2.240499947220087,205.0,49.0,205.0,49.0
40,arbol,unitario,interior,Desde cero,DFS,30,570.0,452.25,1160.0,902.0,569.0,452.25,25.0,8.5,6.609699921682477,6.932875025086105,169.0,71.0,169.0,71.0
40,arbol,unitario,interior,Desde cero,BFS,30,1022.5,498.0,2059.5,999.0,1021.5,498.0,15.5,7.0,13.336200034245849,8.709475107025355,169.0,71.0,169.0,71.0
40,arbol,unitario,interior,Desde cero,UCS,30,1022.5,498.0,2059.5,999.0,1021.5,498.0,15.5,7.0,14.595600077882409,9.91769996471703,169.0,71.0,169.0,71.0
40,arbol,unitario,interior,Desde cero,DLS,30,570.0,452.25,1160.0,902.0,424.5,441.25,155.5,43.0,9.24680009484291,7.670624938327819,169.0,71.0,169.0,71.0
40,arbol,unitario,interior,Desde cero,IDDFS,30,74811.5,67674.75,150115.5,135611.75,73679.0,67330.75,129.0,42.75,1004.5180000597611,606.223400158342,169.0,71.0,169.0,71.0
40,arbol,unitario,interior,Desde cero,BIDIRECCIONAL,30,946.0,511.0,1906.5,1013.25,943.5,511.75,22.0,6.0,6.073999917134643,3.6118249408900738,169.0,71.0,169.0,71.0
40,arbol,unitario,interior,Desde cero,Lee,30,1013.5,495.5,2040.5,994.25,1012.5,495.5,15.0,6.5,3.077050088904798,2.188800135627389,169.0,71.0,169.0,71.0
40,arbol,unitario,cercanas,Desde cero,DFS,30,25.5,1545.5,50.0,3091.5,24.5,1545.5,4.0,20.5,0.3432999365031719,11.919250071514398,5.0,1.0,5.0,1.0
40,arbol,unitario,cercanas,Desde cero,BFS,30,9.0,3.75,20.0,9.25,8.0,3.75,3.0,2.0,0.09344995487481356,0.04280003486201167,5.0,1.0,5.0,1.0
40,arbol,unitario,cercanas,Desde cero,UCS,30,9.0,3.75,20.0,9.25,8.0,3.75,3.0,2.0,0.10920001659542322,0.05754997255280614,5.0,1.0,5.0,1.0
40,arbol,unitario,cercanas,Desde cero,DLS,30,25.5,1545.5,50.0,3091.5,22.5,1544.25,11.5,135.75,0.3040999872609973,15.338900091592222,5.0,1.0,5.0,1.0
40,arbol,unitario,cercanas,Desde cero,IDDFS,30,21.0,11.25,43.0,21.75,6.0,8.5,5.0,2.0,0.2592499367892742,0.19874994177371264,5.0,1.0,5.0,1.0
40,arbol,unitario,cercanas,Desde cero,BIDIRECCIONAL,30,7.0,3.0,13.5,7.25,4.0,3.75,5.0,1.0,0.09785010479390621,0.062175095081329346,5.0,1.0,5.0,1.0
40,arbol,unitario,cercanas,Desde cero,Lee,30,9.0,3.0,18.0,7.25,8.0,3.0,3.0,2.0,0.03584998194128275,0.02857495564967394,5.0,1.0,5.0,1.0
40,arbol,ponderado,esquinas,Desde cero,DFS,30,561.0,473.5,1152.5,946.5,560.0,473.5,27.0,5.0,5.604750011116266,5.723075126297772,1014.5,270.5,205.0,49.0
40,arbol,ponderado,esquinas,Desde cero,BFS,30,1267.5,361.0,2539.5,715.25,1266.5,361.0,16.5,4.75,12.953200028277934,8.365249901544303,1014.5,270.5,205.0,49.0
40,arbol,ponderado,esquinas,Desde cero,UCS,30,1240.5,352.75,2485.0,709.0,1239.5,352.75,16.0,4.0,18.200700054876506,9.270875074435025,1014.5,270.5,205.0,49.0
40,arbol,ponderado,esquinas,Desde cero,DLS,30,561.0,473.5,1152.5,946.5,407.5,484.75,170.0,31.75,7.603600039146841,6.058775004930794,1014.5,270.5,205.0,49.0
40,arbol,ponderado,esquinas,Desde cero,IDDFS,30,102420.0,44407.25,205549.0,88872.0,100935.0,44278.75,165.0,28.5,1279.831700026989,485.58634996879846,1014.5,270.5,205.0,49.0
40,arbol,ponderado,interior,Desde cero,DFS,30,570.0,452.25,1160.0,902.0,569.0,452.25,25.0,8.5,5.053750006482005,4.824250005185604,841.5,370.5,169.0,71.0
40,arbol,ponderado,interior,Desde cero,BFS,30,1022.5,498.0,2059.5,999.0,1021.5,498.0,15.5,7.0,7.983400137163699,3.127074975054711,841.5,370.5,169.0,71.0
40,arbol,ponderado,interior,Desde cero,UCS,30,1082.5,502.5,2177.5,1003.5,1081.5,502.5,17.0,6.0,12.27994984947145,4.136099945753813,841.5,370.5,169.0,71.0
40,arbol,ponderado,interior,Desde cero,DLS,30,570.0,452.25,1160.0,902.0,424.5,441.25,155.5,43.0,7.012800080701709,5.084650125354528,841.5,370.5,169.0,71.0
40,arbol,ponderado,interior,Desde cero,IDDFS,30,74811.5,67674.75,150115.5,135611.75,73679.0,67330.75,129.0,42.75,827.6379000162706,422.3253749660216,841.5,370.5,169.0,71.0
40,arbol,ponderado,cercanas,Desde cero,DFS,30,25.5,1545.5,50.0,3091.5,24.5,1545.5,4.0,20.5,0.22710009943693876,11.942224809899926,23.0,9.75,5.0,1.0
40,arbol,ponderado,cercanas,Desde cero,BFS,30,9.0,3.75,20.0,9.25,8.0,3.75,3.0,2.0,0.07539999205619097,0.05867489380761981,23.0,9.75,5.0,1.0
40,arbol,ponderado,cercanas,Desde cero,UCS,30,10.0,5.75,20.0,12.75,9.0,5.75,3.0,1.75,0.108000123873353,0.13732485240325332,23.0,9.75,5.0,1.0
40,arbol,ponderado,cercanas,Desde cero,DLS,30,25.5,1545.5,50.0,3091.5,22.5,1544.25,11.5,135.75,0.2953499788418412,14.56979988142848,23.0,9.75,5.0,1.0
40,arbol,ponderado,cercanas,Desde cero,IDDFS,30,21.0,11.25,43.0,21.75,6.0,8.5,5.0,2.0,0.19729998894035816,0.1875499146990478,23.0,9.75,5.0,1.0
40,ciclos_5pct,unitario,esquinas,Desde cero,DFS,30,375.0,250.5,813.0,511.5,389.0,275.0,45.0,9.75,2.306199981831014,2.4401002447120845,190.0,33.5,190.0,33.5
40,ciclos_5pct,unitario,esquinas,Desde cero,BFS,30,1566.0,53.5,3286.0,108.25,1718.0,58.0,30.5,5.5,10.398650076240301,2.2745748283341527,131.0,23.0,131.0,23.0
40,ciclos_5pct,unitario,esquinas,Desde cero,UCS,30,1566.0,53.5,3286.0,108.25,1718.0,58.0,30.5,5.5,13.84184998460114,3.0127751524560153,131.0,23.0,131.0,23.0
40,ciclos_5pct,unitario,esquinas,Desde cero,DLS,30,486.5,802.0,1045.5,1650.5,344.5,874.0,183.5,37.5,3.5238999407738447,8.874574967194349,190.0,33.5,190.0,33.5
40,ciclos_5pct,unitario,esquinas,Desde cero,IDDFS,30,373116.5,191810.0,789582.0,403831.75,392697.5,207843.0,136.5,13.5,3336.10904996749,2009.1225501382723,131.0,23.0,131.0,23.0
40,ciclos_5pct,unitario,esquinas,Desde cero,BIDIRECCIONAL,30,975.0,204.5,2063.0,436.5,1053.5,221.25,38.0,11.75,4.706250154413283,2.8033501585014164,131.0,23.0,131.0,23.0
40,ciclos_5pct,unitario,esquinas,Desde cero,Lee,30,1561.5,54.5,3279.0,115.25,1711.5,63.5,29.0,4.75,2.868899959139526,2.156575152184814,131.0,23.0,131.0,23.0
40,ciclos_5pct,unitario,interior,Desde cero,DFS,30,434.5,767.25,926.5,1604.5,452.0,832.0,48.5,32.25,4.32295014616102,5.5086000938899815,173.0,103.25,173.0,103.25
40,ciclos_5pct,unitario,interior,Desde cero,BFS,30,1254.5,580.75,2637.0,1215.0,1369.0,641.5,30.0,5.75,7.018349948339164,4.668499925173819,85.0,35.5,85.0,35.5
40,ciclos_5pct,unitario,interior,Desde cero,UCS,30,1254.5,580.75,2637.0,1215.0,1369.0,641.5,30.0,5.75,10.623849928379059,3.514025011099875,85.0,35.5,85.0,35.5
40,ciclos_5pct,unitario,interior,Desde cero,DLS,30,639.5,1823.25,1353.0,3801.25,594.0,1847.25,174.5,113.5,6.6567499889060855,15.859225008171052,173.0,103.25,173.0,103.25
40,ciclos_5pct,unitario,interior,Desde cero,IDDFS,30,98911.0,182500.75,209227.5,387514.0,101789.0,189874.25,95.5,34.25,978.2746999990195,1519.6770500624552,85.0,35.5,85.0,35.5
40,ciclos_5pct,unitario,interior,Desde cero,BIDIRECCIONAL,30,769.0,394.25,1634.0,818.25,823.5,423.25,37.0,11.25,3.8591499906033278,1.6845750506035984,85.0,35.5,85.0,35.5
40,ciclos_5pct,unitario,interior,Desde cero,Lee,30,1244.0,581.0,2615.5,1216.25,1357.5,643.5,29.5,5.75,2.2611500462517142,2.335999975912273,85.0,35.5,85.0,35.5
40,ciclos_5pct,unitario,cercanas,Desde cero,DFS,30,335.0,1061.0,717.5,2284.25,351.5,1133.75,34.5,77.25,1.8048499478027225,8.563775103539228,5.0,264.75,5.0,264.75
40,ciclos_5pct,unitario,cercanas,Desde cero,BFS,30,11.0,5.0,24.0,14.0,10.0,6.75,4.5,3.0,0.07675006054341793,0.03945000935345888,4.0,1.0,4.0,1.0
40,ciclos_5pct,unitario,cercanas,Desde cero,UCS,30,11.0,5.0,24.0,14.0,10.0,6.75,4.5,3.0,0.09934999980032444,0.05884998245164752,4.0,1.0,4.0,1.0
40,ciclos_5pct,unitario,cercanas,Desde cero,DLS,30,421.5,1686.75,896.0,3504.0,346.5,1664.25,113.5,271.0,2.513800049200654,14.801024866756052,5.0,264.75,5.0,264.75
40,ciclos_5pct,unitario,cercanas,Desde cero,IDDFS,30,21.5,13.75,42.0,28.75,6.5,10.0,6.0,4.0,0.19714992959052324,0.1704749884083867,4.0,1.0,4.0,1.0
40,ciclos_5pct,unitario,cercanas,Desde cero,BIDIRECCIONAL,30,7.0,3.0,14.0,7.25,5.0,3.75,5.0,1.75,0.0657000346109271,0.04669994814321399,4.0,1.0,4.0,1.0
40,ciclos_5pct,unitario,cercanas,Desde cero,Lee,30,10.0,4.75,21.0,14.5,9.0,5.75,4.0,2.75,0.027450034394860268,0.015075027476996183,4.0,1.0,4.0,1.0
40,ciclos_5pct,ponderado,esquinas,Desde cero,DFS,30,375.0,250.5,813.0,511.5,389.0,275.0,45.0,9.75,2.710399916395545,3.299575124401599,932.5,220.75,190.0,33.5
40,ciclos_5pct,ponderado,esquinas,Desde cero,BFS,30,1566.0,53.5,3286.0,108.25,1718.0,58.0,30.5,5.5,12.055999948643148,3.933000029064715,637.5,119.0,131.0,23.0
40,ciclos_5pct,ponderado,esquinas,Desde cero,UCS,30,1559.0,57.0,3275.5,122.25,1708.0,64.0,31.0,7.0,16.347549972124398,4.2674748110584915,631.5,109.5,131.0,22.5
40,ciclos_5pct,ponderado,esquinas,Desde cero,DLS,30,486.5,802.0,1045.5,1650.5,344.5,874.0,183.5,37.5,5.155349965207279,9.886874991934747,932.5,220.75,190.0,33.5
40,ciclos_5pct,ponderado,esquinas,Desde cero,IDDFS,30,373116.5,191810.0,789582.0,403831.75,392697.5,207843.0,136.5,13.5,3811.0380999278277,2010.8873750432394,658.0,114.25,131.0,23.0
40,ciclos_5pct,ponderado,interior,Desde cero,DFS,30,434.5,767.25,926.5,1604.5,452.0,832.0,48.5,32.25,4.233099985867739,5.5899498402141035,826.0,495.25,173.0,103.25
40,ciclos_5pct,ponderado,interior,Desde cero,BFS,30,1254.5,580.75,2637.0,1215.0,1369.0,641.5,30.0,5.75,7.091900100931525,5.431499856058508,433.5,152.5,85.0,35.5
40,ciclos_5pct,ponderado,interior,Desde cero,UCS,30,1284.5,502.0,2705.5,1047.0,1405.0,555.25,32.5,5.5,12.791400076821446,5.05082483869046,422.5,152.0,85.0,34.0
40,ciclos_5pct,ponderado,interior,Desde cero,DLS,30,639.5,1823.25,1353.0,3801.25,594.0,1847.25,174.5,113.5,7.822999847121537,18.208224966656417,826.0,495.25,173.0,103.25
40,ciclos_5pct,ponderado,interior,Desde cero,IDDFS,30,98911.0,182500.75,209227.5,387514.0,101789.0,189874.25,95.5,34.25,925.3649999154732,1889.134950004518,428.5,158.0,85.0,35.5
40,ciclos_5pct,ponderado,cercanas,Desde cero,DFS,30,335.0,1061.0,717.5,2284.25,351.5,1133.75,34.5,77.25,2.327350084669888,7.769599964376539,27.0,1343.25,5.0,264.75
40,ciclos_5pct,ponderado,cercanas,Desde cero,BFS,30,11.0,5.0,24.0,14.0,10.0,6.75,4.5,3.0,0.08179992437362671,0.06074999691918492,23.0,12.25,4.0,1.0
40,ciclos_5pct,ponderado,cercanas,Desde cero,UCS,30,10.0,9.0,23.5,21.0,10.0,9.75,4.0,3.0,0.11414987966418266,0.09237509220838547,21.5,10.5,4.0,1.0
40,ciclos_5pct,ponderado,cercanas,Desde cero,DLS,30,421.5,1686.75,896.0,3504.0,346.5,1664.25,113.5,271.0,3.952500061132014,17.884425120428205,27.0,1343.25,5.0,264.75
40,ciclos_5pct,ponderado,cercanas,Desde cero,IDDFS,30,21.5,13.75,42.0,28.75,6.5,10.0,6.0,4.0,0.2031000331044197,0.16362505266442895,21.5,10.75,4.0,1.0
40,ciclos_10pct,unitario,esquinas,Desde cero,DFS,30,342.5,239.25,763.5,534.0,369.5,291.75,58.0,29.0,1.8868499901145697,2.2020500618964434,186.0,50.0,186.0,50.0
40,ciclos_10pct,unitario,esquinas,Desde cero,BFS,30,1588.0,17.75,3480.0,36.25,1890.0,20.0,38.5,7.0,9.484249982051551,3.259275166783482,104.0,11.5,104.0,11.5
40,ciclos_10pct,unitario,esquinas,Desde cero,UCS,30,1588.0,17.75,3480.0,36.25,1890.0,20.0,38.5,7.0,13.276349985972047,1.622699899598956,104.0,11.5,104.0,11.5
40,ciclos_10pct,unitario,esquinas,Desde cero,DLS,30,437.0,1064.5,978.5,2336.0,361.5,1292.5,185.5,76.75,4.228650010190904,11.737799970433116,186.0,50.0,186.0,50.0
40,ciclos_10pct,unitario,esquinas,Desde cero,IDDFS,30,430560.5,230752.75,958382.0,508767.5,490252.5,259248.5,134.0,9.0,3526.655500056222,1978.4998748800717,104.0,11.5,104.0,11.5
40,ciclos_10pct,unitario,esquinas,Desde cero,BIDIRECCIONAL,30,967.0,200.0,2148.0,428.75,1141.5,222.75,44.0,7.75,5.269400076940656,3.2746248762123287,104.0,11.5,104.0,11.5
40,ciclos_10pct,unitario,esquinas,Desde cero,Lee,30,1585.5,18.25,3475.0,38.0,1888.0,21.5,35.0,7.5,2.7805001009255648,0.7527500856667757,104.0,11.5,104.0,11.5
40,ciclos_10pct,unitario,interior,Desde cero,DFS,30,641.0,1063.0,1427.5,2339.25,699.0,1227.0,92.0,66.0,4.572749952785671,7.514574856031686,201.0,206.5,201.0,206.5
40,ciclos_10pct,unitario,interior,Desde cero,BFS,30,1214.5,681.5,2679.0,1487.0,1440.5,810.75,37.5,5.0,6.231650011613965,4.148199979681522,61.0,25.5,61.0,25.5
40,ciclos_10pct,unitario,interior,Desde cero,UCS,30,1214.5,681.5,2679.0,1487.0,1440.5,810.75,37.5,5.0,9.994300082325935,6.204500212334096,61.0,25.5,61.0,25.5
40,ciclos_10pct,unitario,interior,Desde cero,DLS,30,776.0,5857.5,1695.0,12871.25,759.5,6894.75,287.0,165.5,9.901599958539009,43.525325250811875,201.0,206.5,201.0,206.5
40,ciclos_10pct,unitario,interior,Desde cero,IDDFS,30,108867.0,168505.0,244576.5,373057.75,119941.0,187989.5,81.5,29.5,821.8990000896156,1278.8402499281801,61.0,25.5,61.0,25.5
40,ciclos_10pct,unitario,interior,Desde cero,BIDIRECCIONAL,30,770.0,413.5,1724.0,906.25,912.5,489.25,47.5,10.75,3.6833001067861915,2.1975752897560596,61.0,25.5,61.0,25.5
40,ciclos_10pct,unitario,interior,Desde cero,Lee,30,1199.5,681.25,2647.0,1475.75,1423.5,806.5,36.5,5.0,2.21254990901798,0.5416750209406018,61.0,25.5,61.0,25.5
40,ciclos_10pct,unitario,cercanas,Desde cero,DFS,30,649.0,1357.5,1441.5,3008.0,707.5,1543.0,97.0,130.0,3.894499968737364,9.009749977849424,70.0,326.5,70.0,326.5
40,ciclos_10pct,unitario,cercanas,Desde cero,BFS,30,14.0,8.5,32.0,22.0,14.5,8.0,5.0,3.75,0.10175001807510853,0.06517511792480946,5.0,1.0,5.0,1.0
40,ciclos_10pct,unitario,cercanas,Desde cero,UCS,30,14.0,8.5,32.0,22.0,14.5,8.0,5.0,3.75,0.14530005864799023,0.09159988258033991,5.0,1.0,5.0,1.0
40,ciclos_10pct,unitario,cercanas,Desde cero,DLS,30,771.5,11651.5,1702.0,25599.0,696.0,13713.5,260.5,386.0,6.3397500198334455,86.40032482799143,70.0,326.5,70.0,326.5
40,ciclos_10pct,unitario,cercanas,Desde cero,IDDFS,30,22.0,20.25,55.5,47.5,8.0,9.75,6.5,2.75,0.23410003632307053,0.1657249522395432,5.0,1.0,5.0,1.0
40,ciclos_10pct,unitario,cercanas,Desde cero,BIDIRECCIONAL,30,7.5,3.0,16.5,7.25,6.0,2.0,6.0,1.0,0.07239996921271086,0.023349770344793797,5.0,1.0,5.0,1.0
40,ciclos_10pct,unitario,cercanas,Desde cero,Lee,30,12.0,8.5,30.0,17.75,12.5,7.75,5.0,3.75,0.03224995452910662,0.01409999094903469,5.0,1.0,5.0,1.0
40,ciclos_10pct,ponderado,esquinas,Desde cero,DFS,30,342.5,239.25,763.5,534.0,369.5,291.75,58.0,29.0,2.4837000528350472,3.0392498592846096,926.0,266.5,186.0,50.0
40,ciclos_10pct,ponderado,esquinas,Desde cero,BFS,30,1588.0,17.75,3480.0,36.25,1890.0,20.0,38.5,7.0,11.107200058177114,3.7348750047385693,516.5,68.25,104.0,11.5
40,ciclos_10pct,ponderado,esquinas,Desde cero,UCS,30,1580.5,18.5,3464.5,34.5,1880.0,18.75,42.0,8.0,15.928099863231182,1.7738249152898788,499.5,64.75,108.0,14.0
40,ciclos_10pct,ponderado,esquinas,Desde cero,DLS,30,437.0,1064.5,978.5,2336.0,361.5,1292.5,185.5,76.75,5.432449979707599,10.919200023636222,926.0,266.5,186.0,50.0
40,ciclos_10pct,ponderado,esquinas,Desde cero,IDDFS,30,430560.5,230752.75,958382.0,508767.5,490252.5,259248.5,134.0,9.0,4414.579299977049,2431.0183500056155,529.0,63.25,104.0,11.5
40,ciclos_10pct,ponderado,interior,Desde cero,DFS,30,641.0,1063.0,1427.5,2339.25,699.0,1227.0,92.0,66.0,6.105400039814413,6.311199977062643,1049.0,1056.5,201.0,206.5
40,ciclos_10pct,ponderado,interior,Desde cero,BFS,30,1214.5,681.5,2679.0,1487.0,1440.5,810.75,37.5,5.0,7.490099989809096,3.892474982421845,300.0,126.75,61.0,25.5
40,ciclos_10pct,ponderado,interior,Desde cero,UCS,30,1225.0,650.0,2702.0,1415.25,1451.5,776.0,41.0,7.75,13.02405004389584,5.756624799687415,288.5,126.0,62.0,27.25
40,ciclos_10pct,ponderado,interior,Desde cero,DLS,30,776.0,5857.5,1695.0,12871.25,759.5,6894.75,287.0,165.5,9.52499988488853,52.99055005889386,1049.0,1056.5,201.0,206.5
40,ciclos_10pct,ponderado,interior,Desde cero,IDDFS,30,108867.0,168505.0,244576.5,373057.75,119941.0,187989.5,81.5,29.5,1199.5273999636993,1691.790325101465,306.0,137.25,61.0,25.5
40,ciclos_10pct,ponderado,cercanas,Desde cero,DFS,30,649.0,1357.5,1441.5,3008.0,707.5,1543.0,97.0,130.0,6.224599899724126,9.794124925974756,365.0,1591.75,70.0,326.5
40,ciclos_10pct,ponderado,cercanas,Desde cero,BFS,30,14.0,8.5,32.0,22.0,14.5,8.0,5.0,3.75,0.11675001587718725,0.07350003579631448,21.5,8.75,5.0,1.0
40,ciclos_10pct,ponderado,cercanas,Desde cero,UCS,30,13.0,9.5,32.0,23.5,13.5,12.5,6.0,2.75,0.15949993394315243,0.08482526754960418,21.5,8.75,5.0,1.0
40,ciclos_10pct,ponderado,cercanas,Desde cero,DLS,30,771.5,11651.5,1702.0,25599.0,696.0,13713.5,260.5,386.0,7.312249974347651,105.67727516172454,365.0,1591.75,70.0,326.5
40,ciclos_10pct,ponderado,cercanas,Desde cero,IDDFS,30,22.0,20.25,55.5,47.5,8.0,9.75,6.5,2.75,0.2947499742731452,0.15262514352798462,21.5,9.25,5.0,1.0
